{
  "lang":"en",
  "name":"pipeline",
  "version":"0.0.0",
  "spacy_version":">=3.2.1,<3.3.0",
  "description":"",
  "author":"",
  "email":"",
  "url":"",
  "license":"",
  "spacy_git_version":"800737b41",
  "vectors":{
    "width":0,
    "vectors":0,
    "keys":0,
    "name":null,
    "mode":"default"
  },
  "labels":{
    "tok2vec":[

    ],
    "ner":[
      " DEVELOP",
      "DOMAIN",
      "EDUCATION",
      "EMAIL",
      "EXPERIENCE",
      "LANGUAGE",
      "RESPONSIBILITY",
      "SKILLS",
      "SOFT",
      "TASKS"
    ]
  },
  "pipeline":[
    "tok2vec",
    "ner"
  ],
  "components":[
    "tok2vec",
    "ner"
  ],
  "disabled":[

  ],
  "performance":{
    "ents_f":0.7777960797,
    "ents_p":0.8138572906,
    "ents_r":0.7447949527,
    "ents_per_type":{
      "SKILLS":{
        "p":0.8201357466,
        "r":0.7795698925,
        "f":0.7993384785
      },
      "DOMAIN":{
        "p":0.5580357143,
        "r":0.4266211604,
        "f":0.4835589942
      },
      "SOFT-SKILLS":{
        "p":0.9152542373,
        "r":0.6279069767,
        "f":0.7448275862
      },
      "EDUCATION":{
        "p":0.8323108384,
        "r":0.7752380952,
        "f":0.8027613412
      },
      "LANGUAGE":{
        "p":0.9456521739,
        "r":0.9775280899,
        "f":0.9613259669
      },
      "EXPERIENCE":{
        "p":0.9042553191,
        "r":0.7589285714,
        "f":0.8252427184
      },
      "TASKS":{
        "p":0.7894736842,
        "r":0.6315789474,
        "f":0.701754386
      },
      "EMAIL":{
        "p":0.8571428571,
        "r":0.75,
        "f":0.8
      },
      "RESPONSIBILITY":{
        "p":0.0,
        "r":0.0,
        "f":0.0
      }
    },
    "tok2vec_loss":223.7349289418,
    "ner_loss":2365.7882837656
  }
}